,detected_date,img_src,href,product_title,price_value
0,2022-10-01 23:39:32,https://thumbnail8.coupangcdn.com/thumbnails/remote/230x230ex/image/vendor_inventory/ff6b/464fc497698fcd1512772ddf4807cc973918954960a9c00d763232f3acb6.jpg,https://www.coupang.com/vp/products/5658410296?itemId=9280293874&vendorItemId=81742707308&q=vans&itemsCount=36&searchId=753d509e79984e97a0ffd308b84f3c33&rank=0,[vans] 남녀공용 반스 올드스쿨 블랙 스니커즈 운동화,"69,000"
1,2022-10-01 23:39:32,https://thumbnail10.coupangcdn.com/thumbnails/remote/230x230ex/image/vendor_inventory/d515/87d7d6eca7f8a18735d4f5a797103b3f5737254d4c40fb583f284f7982f2.jpg,https://www.coupang.com/vp/products/6763711059?itemId=15858501056&vendorItemId=81793334290&q=vans&itemsCount=36&searchId=753d509e79984e97a0ffd308b84f3c33&rank=1,[vans] 남녀공용 반스 올드스쿨 블랙 스니커즈 운동화 VN000D3HY28,"68,690"
2,2022-10-01 23:39:32,https://thumbnail9.coupangcdn.com/thumbnails/remote/230x230ex/image/vendor_inventory/7b1c/d0af6e6ae78f07b9a145274d681b9c539c60a09031264d26566830ab2c65.jpg,https://www.coupang.com/vp/products/1575897287?itemId=7183615396&vendorItemId=74139900336&q=vans&itemsCount=36&searchId=753d509e79984e97a0ffd308b84f3c33&rank=2,[반스] 클래식 슬립온 체커보드 남자운동화 스니커즈 (VN000EYEBWW),"60,390"
3,2022-10-01 23:39:32,https://thumbnail6.coupangcdn.com/thumbnails/remote/230x230ex/image/vendor_inventory/831c/8f5216403fedddc96be70caaf2f6b24233ccca277962212b0c04f83cb0f0.jpg,https://www.coupang.com/vp/products/6415653146?itemId=13778117090&vendorItemId=82195250234&q=vans&itemsCount=36&searchId=753d509e79984e97a0ffd308b84f3c33&rank=3,반스 ERA 스니커즈 VANS_{VN0A5EFNBCK1}_Era_Mix,"129,050"
4,2022-10-01 23:39:32,https://thumbnail9.coupangcdn.com/thumbnails/remote/230x230ex/image/vendor_inventory/67b7/c85b08632746972e70eca86a99cbb4d0781305bf343d09f1b97bf30c5189.jpg,https://www.coupang.com/vp/products/6595187804?itemId=14898519699&vendorItemId=83328326026&sourceType=srp_product_ads&clickEventId=e627c03b-5fa2-4aa3-b550-7a17df2da22a&korePlacement=15&koreSubPlacement=5&clickEventId=e627c03b-5fa2-4aa3-b550-7a17df2da22a&korePlacement=15&koreSubPlacement=5&q=vans&itemsCount=36&searchId=753d509e79984e97a0ffd308b84f3c33&rank=4,나이키 제이크루 킬샷2 레더 아일랜드 그린 네이비 432997-126 남자 단화 스니커즈 국내배송 매장판,"110,630"
5,2022-10-01 23:39:32,https://thumbnail9.coupangcdn.com/thumbnails/remote/230x230ex/image/rs_quotation_api/okde1b55/2a27a608492344d99584a47e00d6c8ee.jpg,https://www.coupang.com/vp/products/5399368467?itemId=8073663563&vendorItemId=75362043947&sourceType=srp_product_ads&clickEventId=a1399a59-d0cd-46b1-935b-21f30a503ae2&korePlacement=15&koreSubPlacement=6&clickEventId=a1399a59-d0cd-46b1-935b-21f30a503ae2&korePlacement=15&koreSubPlacement=6&q=vans&itemsCount=36&searchId=753d509e79984e97a0ffd308b84f3c33&rank=5,밸롭 BSR 티바트2.0 니트 런닝화 BS02010161,"59,000"
6,2022-10-01 23:39:32,https://thumbnail10.coupangcdn.com/thumbnails/remote/230x230ex/image/retail/images/2022/03/23/10/2/be1fe33b-a63d-435e-bfb3-3babcaf07d2f.jpg,https://www.coupang.com/vp/products/6427592579?itemId=13856648348&vendorItemId=81106645625&q=vans&itemsCount=36&searchId=753d509e79984e97a0ffd308b84f3c33&rank=6,반스 벌리 프로 M VN0A3WKX6BT1,"135,450"
7,2022-10-01 23:39:32,https://thumbnail8.coupangcdn.com/thumbnails/remote/230x230ex/image/vendor_inventory/3c2f/de6d3f83016ae1f2cb8dc2d7d9a945e924add525a278ed57c2238374657d.jpeg,https://www.coupang.com/vp/products/6631645081?itemId=15120599065&vendorItemId=82342341328&q=vans&itemsCount=36&searchId=753d509e79984e97a0ffd308b84f3c33&rank=7,(국내매장판)반스 올드스쿨 코어 클래식 블랙 남녀공용,"79,000"
8,2022-10-01 23:39:32,https://thumbnail6.coupangcdn.com/thumbnails/remote/230x230ex/image/vendor_inventory/6120/5ad47de64ccca8d7e91d0a2a291dbd5bb5411c7f469f42912f3235196d09.jpg,https://www.coupang.com/vp/products/4941389921?itemId=6510760757&vendorItemId=73804929210&sourceType=srp_product_ads&clickEventId=a3421db8-9125-4e14-936b-21d523a5b72f&korePlacement=15&koreSubPlacement=9&clickEventId=a3421db8-9125-4e14-936b-21d523a5b72f&korePlacement=15&koreSubPlacement=9&q=vans&itemsCount=36&searchId=753d509e79984e97a0ffd308b84f3c33&rank=8,에이스 남녀 에어쿠션 패션 운동화 스니커즈F442,"26,900"
9,2022-10-01 23:39:32,https://thumbnail6.coupangcdn.com/thumbnails/remote/230x230ex/image/retail/images/2022/07/05/11/5/91d7a37d-c58d-4dd7-81c6-1a31814bffe9.jpg,https://www.coupang.com/vp/products/6624165105?itemId=15073612245&vendorItemId=82295854187&q=vans&itemsCount=36&searchId=753d509e79984e97a0ffd308b84f3c33&rank=9,반스 올드스쿨 스니커즈 VN0A38G19GD,"47,320"
10,2022-10-01 23:39:32,https://thumbnail8.coupangcdn.com/thumbnails/remote/230x230ex/image/vendor_inventory/caf3/4dae1805999f5973d7a7318aaaf778ede57f3283afe071263a68ce2100d3.jpg,https://www.coupang.com/vp/products/6239307468?itemId=12584883683&vendorItemId=72719638486&sourceType=srp_product_ads&clickEventId=142bfc1c-564e-4171-adaa-480af03c2d56&korePlacement=15&koreSubPlacement=11&clickEventId=142bfc1c-564e-4171-adaa-480af03c2d56&korePlacement=15&koreSubPlacement=11&q=vans&itemsCount=36&searchId=753d509e79984e97a0ffd308b84f3c33&rank=10,[플로우커머스] 겨울 남성청바지 남자기모청바지 기모바지 스판 MNJ-01,"39,900"
11,2022-10-01 23:39:32,https://thumbnail10.coupangcdn.com/thumbnails/remote/230x230ex/image/vendor_inventory/5a26/84299d656380a00db23eb92e851b38569677b9c1983eedd47cbaf775bccd.jpg,https://www.coupang.com/vp/products/6788001522?itemId=15984331267&vendorItemId=83190171640&sourceType=srp_product_ads&clickEventId=089bc894-8dc6-49b9-ae17-378342869c6c&korePlacement=15&koreSubPlacement=12&clickEventId=089bc894-8dc6-49b9-ae17-378342869c6c&korePlacement=15&koreSubPlacement=12&q=vans&itemsCount=36&searchId=753d509e79984e97a0ffd308b84f3c33&rank=11,댄디보 데이 스판 밴딩팬츠 5컬러 사계절 남성청바지,"26,900"
12,2022-10-01 23:39:32,https://thumbnail6.coupangcdn.com/thumbnails/remote/230x230ex/image/vendor_inventory/1b35/c4c78b6253b35d9f81bd496d2ff129578b3e1e1a20f63db2e8569e3db17e.jpg,https://www.coupang.com/vp/products/6537300226?itemId=14541079103&vendorItemId=81783494709&q=vans&itemsCount=36&searchId=753d509e79984e97a0ffd308b84f3c33&rank=12,반스 스케이트 로우 스니커즈 VANS {VN0A4UUK6BT1}_VN_UA SK8-Low_19 FLVNCA1U17,"49,000"
13,2022-10-01 23:39:32,https://thumbnail7.coupangcdn.com/thumbnails/remote/230x230ex/image/vendor_inventory/380f/7c317c87ad6523817d16a4e4431d70eba72db8f8d69c64979e6d9b273ba8.jpg,https://www.coupang.com/vp/products/6187639869?itemId=12192874991&vendorItemId=79463956143&q=vans&itemsCount=36&searchId=753d509e79984e97a0ffd308b84f3c33&rank=13,반스 스케이트-로우 블랙 VN0A4UUK4W7,"139,000"
14,2022-10-01 23:39:32,https://thumbnail10.coupangcdn.com/thumbnails/remote/230x230ex/image/vendor_inventory/df0a/4952ccd1ccacabb89f80e51ec111f940e1fe8feb743434f454cd919d93b6.jpg,https://www.coupang.com/vp/products/6422569708?itemId=13824938100&vendorItemId=81075152005&q=vans&itemsCount=36&searchId=753d509e79984e97a0ffd308b84f3c33&rank=14,반스 스타일 36 데콘 스니커즈 {VN0A3MVLY281}_VN_UA Style 36 Decon SF_19,"49,000"
15,2022-10-01 23:39:32,https://thumbnail8.coupangcdn.com/thumbnails/remote/230x230ex/image/rs_quotation_api/0j02wg8s/497ed744282b470bb1efa28fb6534d4c.png,https://www.coupang.com/vp/products/6646065153?itemId=15210243607&vendorItemId=82431276903&q=vans&itemsCount=36&searchId=753d509e79984e97a0ffd308b84f3c33&rank=15,반스 크루즈 투 CC VN0A5KR59LF,"109,000"
16,2022-10-01 23:39:32,https://thumbnail6.coupangcdn.com/thumbnails/remote/230x230ex/image/vendor_inventory/2d97/06b960528fb60b125dfa7b2164815374cf4a427cb9cef1dda0df50981625.jpg,https://www.coupang.com/vp/products/6603089195?itemId=14942757083&vendorItemId=83184599216&q=vans&itemsCount=36&searchId=753d509e79984e97a0ffd308b84f3c33&rank=16,[국내매장판] 반스 클래식 슬립온 스택폼 립 니트 블랙 트루 화이트 VN0A7Q5RB111,"69,000"
17,2022-10-01 23:39:32,https://thumbnail9.coupangcdn.com/thumbnails/remote/230x230ex/image/rs_quotation_api/jfzkzzaz/3dbb73df291843dca979983a1a4e147b.png,https://www.coupang.com/vp/products/6624165104?itemId=15073612239&vendorItemId=82295854149&q=vans&itemsCount=36&searchId=753d509e79984e97a0ffd308b84f3c33&rank=17,반스 콤피쿠시 올드 스쿨 스니커즈 VN0A3WMAVNT,"71,500"
18,2022-10-01 23:39:32,https://thumbnail6.coupangcdn.com/thumbnails/remote/230x230ex/image/rs_quotation_api/zl3svdre/8117f2a5941c4334b57d5e5457c1c66c.jpg,https://www.coupang.com/vp/products/4673553509?itemId=5846607379&vendorItemId=73144882105&sourceType=srp_product_ads&clickEventId=e0156776-4483-4cea-a970-e6bab10bbf76&korePlacement=15&koreSubPlacement=19&clickEventId=e0156776-4483-4cea-a970-e6bab10bbf76&korePlacement=15&koreSubPlacement=19&q=vans&itemsCount=36&searchId=753d509e79984e97a0ffd308b84f3c33&rank=18,풋인솔 키높이밴드 뒤꿈치 실리콘 깔창 통풍구멍 무,"9,370"
19,2022-10-01 23:39:32,https://thumbnail7.coupangcdn.com/thumbnails/remote/230x230ex/image/vendor_inventory/0333/197c40a2dd430f6e2b7ab4f7cd2615cc5b78c5cf60334abcbac90f3fa80d.jpg,https://www.coupang.com/vp/products/6646523878?itemId=15212367290&vendorItemId=82805515402&q=vans&itemsCount=36&searchId=753d509e79984e97a0ffd308b84f3c33&rank=19,(국내매장판/AS가능) 반스 커플 어센틱 운동화 스니커즈 체커보드 트렌스루센트 오렌지 OLD SKOOL AM,"59,000"
20,2022-10-01 23:39:32,https://thumbnail6.coupangcdn.com/thumbnails/remote/230x230ex/image/vendor_inventory/6d8a/efbb82894b09e46e3a23b4784cf08e36ad07f8ea897dc6d80644177ab10d.jpg,https://www.coupang.com/vp/products/4769919022?itemId=6400461195&vendorItemId=70004490366&q=vans&itemsCount=36&searchId=753d509e79984e97a0ffd308b84f3c33&rank=20,[매장판][반스 올드스쿨 2종 택1,"74,970"
21,2022-10-01 23:39:32,https://thumbnail7.coupangcdn.com/thumbnails/remote/230x230ex/image/vendor_inventory/c1bb/68080dad6ca59511d794663e080f022080824d08ea23277448409da57e40.jpg,https://www.coupang.com/vp/products/6714246626?itemId=15597337703&vendorItemId=81783231363&q=vans&itemsCount=36&searchId=753d509e79984e97a0ffd308b84f3c33&rank=21,반스 슬립온 스니커즈 VANS_{VN000EYEBLK1} Classic Slip-On_19 FLVNCA1U40,"69,000"
22,2022-10-01 23:39:32,https://thumbnail8.coupangcdn.com/thumbnails/remote/230x230ex/image/vendor_inventory/f56a/947bb26c300e21aa32e25616cea561866b7820e6a2b80b30f1c8e228dec9.jpg,https://www.coupang.com/vp/products/6702095942?itemId=15527748326&vendorItemId=83227175950&q=vans&itemsCount=36&searchId=753d509e79984e97a0ffd308b84f3c33&rank=22,(반스 VN000EE3BLK 코어클래식 어센틱 남녀공용 운동화 반스코리아 국내매장정품 제이에이치컴퍼니 jh86shop,"64,900"
23,2022-10-01 23:39:32,https://thumbnail6.coupangcdn.com/thumbnails/remote/230x230ex/image/vendor_inventory/5f9e/4de0177288eb03768791282f437ea14d20ad220b42bef513523be4972dab.jpg,https://www.coupang.com/vp/products/6671739720?itemId=14888076585&vendorItemId=82148958582&q=vans&itemsCount=36&searchId=753d509e79984e97a0ffd308b84f3c33&rank=23,반스 VN000D3HY28 코어클래식 올드스쿨 남녀공용 운동화,"68,930"
24,2022-10-01 23:39:32,https://thumbnail8.coupangcdn.com/thumbnails/remote/230x230ex/image/vendor_inventory/5d75/069f6f611cf81e0a8efed9df703e82e3fcc6c760ffc9e51a27258f820918.jpg,https://www.coupang.com/vp/products/6430195109?itemId=13873068464&vendorItemId=81122918786&q=vans&itemsCount=36&searchId=753d509e79984e97a0ffd308b84f3c33&rank=24,반스 필모어 데콘 스니커즈 블랙 여자 운동화 신발 VN0A45NM1WX,"43,350"
25,2022-10-01 23:39:32,https://thumbnail6.coupangcdn.com/thumbnails/remote/230x230ex/image/vendor_inventory/3183/778b3fe451af6fcf9fedda356250e0329fcae411e2195f62895e99e7cbdf.jpg,https://www.coupang.com/vp/products/6413170852?itemId=13762586904&vendorItemId=81013237537&q=vans&itemsCount=36&searchId=753d509e79984e97a0ffd308b84f3c33&rank=25,반스 스타일36 데콘 스니커즈 VANS_{VN0A5HFFZGD} STYLE 36 DECON SMU_OR,"39,000"
26,2022-10-01 23:39:32,https://thumbnail7.coupangcdn.com/thumbnails/remote/230x230ex/image/vendor_inventory/e23f/1f4ea17a8f22da256a3151f2ac409a3273d685e209123cc382936ef90102.jpg,https://www.coupang.com/vp/products/6598652125?itemId=14917912254&vendorItemId=82875548644&q=vans&itemsCount=36&searchId=753d509e79984e97a0ffd308b84f3c33&rank=26,반스 올드스쿨 클래식 스니커즈 슬립온 VN000D3HY28,"57,900"
27,2022-10-01 23:39:33,https://thumbnail10.coupangcdn.com/thumbnails/remote/230x230ex/image/retail/images/2022/03/14/13/7/afd23a19-5e78-481b-8611-69e544bfb207.jpg,https://www.coupang.com/vp/products/6395800269?itemId=13656642691&vendorItemId=80909142383&q=vans&itemsCount=36&searchId=753d509e79984e97a0ffd308b84f3c33&rank=27,반스 애셔 플로랄 스니커즈 W VN0A45JM54C1,"93,450"
28,2022-10-01 23:39:33,https://thumbnail10.coupangcdn.com/thumbnails/remote/230x230ex/image/vendor_inventory/bf9a/b7ddf9dbcc39f2674d91d3693f15aaade60d57bf310d7c0370cb2556dfe3.jpg,https://www.coupang.com/vp/products/6712254068?itemId=15586324013&vendorItemId=83005611704&q=vans&itemsCount=36&searchId=753d509e79984e97a0ffd308b84f3c33&rank=28,[국내발송] 반스 운동화 피스 페이즐리 Ua 클래식 슬립온 캔버스화 VN0A5JMHB0E,"72,800"
29,2022-10-01 23:39:33,https://thumbnail6.coupangcdn.com/thumbnails/remote/230x230ex/image/vendor_inventory/9a3c/df4567cc0224d7cb1f3f367c6140d73bede18356addcc4bcb21b532c50b6.jpg,https://www.coupang.com/vp/products/6750909206?itemId=15788274939&vendorItemId=83001082663&q=vans&itemsCount=36&searchId=753d509e79984e97a0ffd308b84f3c33&rank=29,[반스] W몰 스케이트 로우 캔버스화 VN0A4UUKB7R1,"29,000"
30,2022-10-01 23:39:33,https://thumbnail7.coupangcdn.com/thumbnails/remote/230x230ex/image/vendor_inventory/5ca3/56f1927f34816a2703c7c8fb56da79f6e7f6d63efde8e9c2e41977f370c7.jpg,https://www.coupang.com/vp/products/6394176530?itemId=13644928941&vendorItemId=80932084794&q=vans&itemsCount=36&searchId=753d509e79984e97a0ffd308b84f3c33&rank=30,반스 어센틱 (VN0A5HZS9FN),"58,600"
31,2022-10-01 23:39:33,https://thumbnail8.coupangcdn.com/thumbnails/remote/230x230ex/image/vendor_inventory/9ae3/eae6007bd271733f479701dbda27fdf2f1a87fcb90248b03c0345e074e05.jpg,https://www.coupang.com/vp/products/6362195617?itemId=13435910044&vendorItemId=80716033509&q=vans&itemsCount=36&searchId=753d509e79984e97a0ffd308b84f3c33&rank=31,반스 반스 올드스쿨 스니커즈/운동화 (VN000D3HY28),"59,780"
32,2022-10-01 23:39:33,https://thumbnail10.coupangcdn.com/thumbnails/remote/230x230ex/image/vendor_inventory/cd8e/8f6fca60af9cbb4d4c7432b5bdd231b41462e9750db02bbd50b93e37eaf7.jpeg,https://www.coupang.com/vp/products/6631645308?itemId=15120600785&vendorItemId=82342342118&q=vans&itemsCount=36&searchId=753d509e79984e97a0ffd308b84f3c33&rank=32,반스 스타일36 마시멜로 그린 남녀공용,"75,000"
33,2022-10-01 23:39:33,https://thumbnail10.coupangcdn.com/thumbnails/remote/230x230ex/image/vendor_inventory/d9d5/f70cab40759e662e88f1b96291f69e5e6929e08bc0e5322117360607de9a.jpg,https://www.coupang.com/vp/products/5469876167?itemId=8401064806&vendorItemId=79721764196&q=vans&itemsCount=36&searchId=753d509e79984e97a0ffd308b84f3c33&rank=33,반스 반스 (남여공용)슈퍼 컴퍼쿠시 에라_VN0A3WM9WWJ1,"32,900"
34,2022-10-01 23:39:33,https://thumbnail6.coupangcdn.com/thumbnails/remote/230x230ex/image/vendor_inventory/f940/0614a59677235b91e524d0025854287a324f2e54489fe342b4be057b590c.jpg,https://www.coupang.com/vp/products/6745412914?itemId=15759472428&vendorItemId=82972957106&q=vans&itemsCount=36&searchId=753d509e79984e97a0ffd308b84f3c33&rank=34,반스 모듈로 V3838 SC 스니커즈,"89,000"
35,2022-10-01 23:39:33,https://thumbnail8.coupangcdn.com/thumbnails/remote/230x230ex/image/vendor_inventory/aa77/717622516a01e6564f5f93cff91e51e36d17d6ccf79c0d7496a52a38818f.PNG,https://www.coupang.com/vp/products/6703508539?itemId=15535944582&vendorItemId=83118377605&q=vans&itemsCount=36&searchId=753d509e79984e97a0ffd308b84f3c33&rank=35,반스 신발 운동화 스니커즈 스타일 36 데콘 에스에프 VN0A5HYRB9C,"68,000"
36,2022-10-01 23:39:45,https://thumbnail9.coupangcdn.com/thumbnails/remote/230x230ex/image/vendor_inventory/67b7/c85b08632746972e70eca86a99cbb4d0781305bf343d09f1b97bf30c5189.jpg,https://www.coupang.com/vp/products/6595187804?itemId=14898519699&vendorItemId=83328326026&sourceType=srp_product_ads&clickEventId=13777891-f912-44f3-9d28-11635700ec5f&korePlacement=15&koreSubPlacement=1&clickEventId=13777891-f912-44f3-9d28-11635700ec5f&korePlacement=15&koreSubPlacement=1&q=vans&itemsCount=36&searchId=07537ec932fd4322a2fa6c71d7017f8d&rank=36,나이키 제이크루 킬샷2 레더 아일랜드 그린 네이비 432997-126 남자 단화 스니커즈 국내배송 매장판,"110,630"
37,2022-10-01 23:39:45,https://thumbnail10.coupangcdn.com/thumbnails/remote/230x230ex/image/vendor_inventory/45c5/46c8409910dcd533d0805fadedb960366ea98976e380630b03b0eae6576d.jpg,https://www.coupang.com/vp/products/2311281000?itemId=3986323673&vendorItemId=78458620621&q=vans&itemsCount=36&searchId=07537ec932fd4322a2fa6c71d7017f8d&rank=37,반스 어센틱 스니커즈 U VN000EE3BLK,"60,390"
38,2022-10-01 23:39:45,https://thumbnail10.coupangcdn.com/thumbnails/remote/230x230ex/image/vendor_inventory/e7bb/d8789c216a2afe067870d4d9577b03771f9257060ada784873ad7a750608.jpg,https://www.coupang.com/vp/products/6740667147?itemId=15734897905&vendorItemId=82948832346&sourceType=srp_product_ads&clickEventId=d6bacf06-b696-4935-a307-f188a263b75e&korePlacement=15&koreSubPlacement=3&clickEventId=d6bacf06-b696-4935-a307-f188a263b75e&korePlacement=15&koreSubPlacement=3&q=vans&itemsCount=36&searchId=07537ec932fd4322a2fa6c71d7017f8d&rank=38,발편한 실내 운동화 헬스 러닝화 홈 트레이닝화 + 기능성깔창,"29,800"
39,2022-10-01 23:39:45,https://thumbnail8.coupangcdn.com/thumbnails/remote/230x230ex/image/vendor_inventory/22a5/87cbc907d4058bab2281221bc13960905fb69e7d710a97843f3dab16dda8.jpg,https://www.coupang.com/vp/products/6072396407?itemId=11216974752&vendorItemId=78497686931&q=vans&itemsCount=36&searchId=07537ec932fd4322a2fa6c71d7017f8d&rank=39,반스 남녀공용 어센틱 슬립온 뮬 8종 택일,"50,460"
40,2022-10-01 23:39:45,https://thumbnail9.coupangcdn.com/thumbnails/remote/230x230ex/image/rs_quotation_api/okde1b55/2a27a608492344d99584a47e00d6c8ee.jpg,https://www.coupang.com/vp/products/5399368467?itemId=8073663563&vendorItemId=75362043947&sourceType=srp_product_ads&clickEventId=0f20b09a-f8f8-4b92-bada-ef8de6e2e84c&korePlacement=15&koreSubPlacement=5&clickEventId=0f20b09a-f8f8-4b92-bada-ef8de6e2e84c&korePlacement=15&koreSubPlacement=5&q=vans&itemsCount=36&searchId=07537ec932fd4322a2fa6c71d7017f8d&rank=40,밸롭 BSR 티바트2.0 니트 런닝화 BS02010161,"59,000"
41,2022-10-01 23:39:45,https://thumbnail6.coupangcdn.com/thumbnails/remote/230x230ex/image/vendor_inventory/f83f/edbe930fb64cc4db18837041c3c9ca3dcfd903524793298619ccc6a5c8a3.jpg,https://www.coupang.com/vp/products/5966581323?itemId=10707174801&vendorItemId=81401797882&q=vans&itemsCount=36&searchId=07537ec932fd4322a2fa6c71d7017f8d&rank=41,[국내/무료배송] 반스 오버스 슬리퍼 슬라이드 7종택일,"9,900"
42,2022-10-01 23:39:45,https://thumbnail8.coupangcdn.com/thumbnails/remote/230x230ex/image/vendor_inventory/caf3/4dae1805999f5973d7a7318aaaf778ede57f3283afe071263a68ce2100d3.jpg,https://www.coupang.com/vp/products/6239307468?itemId=12584883683&vendorItemId=72719638486&sourceType=srp_product_ads&clickEventId=328b85ec-1190-443b-bf7f-2ad9b8d097de&korePlacement=15&koreSubPlacement=7&clickEventId=328b85ec-1190-443b-bf7f-2ad9b8d097de&korePlacement=15&koreSubPlacement=7&q=vans&itemsCount=36&searchId=07537ec932fd4322a2fa6c71d7017f8d&rank=42,[플로우커머스] 겨울 남성청바지 남자기모청바지 기모바지 스판 MNJ-01,"39,900"
43,2022-10-01 23:39:45,https://thumbnail9.coupangcdn.com/thumbnails/remote/230x230ex/image/vendor_inventory/2028/5de15be52ce9f642e348e74fa4fb29c5dc073cf52e2d8691cc1233c93000.jpg,https://www.coupang.com/vp/products/5654991002?itemId=9265152936&vendorItemId=81793334190&q=vans&itemsCount=36&searchId=07537ec932fd4322a2fa6c71d7017f8d&rank=43,[반스] 올드스쿨 VN000D3HY28,"69,000"
44,2022-10-01 23:39:45,https://thumbnail6.coupangcdn.com/thumbnails/remote/230x230ex/image/vendor_inventory/e5a2/9333d80a0aaad15bac0d8f1ca4f2b2c6b94764ddf476dba217ad9642c7ff.jpg,https://www.coupang.com/vp/products/6036532834?itemId=11023096083&vendorItemId=78885650961&q=vans&itemsCount=36&searchId=07537ec932fd4322a2fa6c71d7017f8d&rank=44,반스 반스 (공용)UA Vans Sport (SUEDE)JOLLY GR 운동화_VN0A4BU602Q,"35,900"
45,2022-10-01 23:39:45,https://thumbnail9.coupangcdn.com/thumbnails/remote/230x230ex/image/vendor_inventory/5ebc/b1546821b5fcdeb4e524401632fb511d8a91ca9e2e1e70b7b58f5c37a7f1.jpg,https://www.coupang.com/vp/products/146180113?itemId=423537095&vendorItemId=73584148336&q=vans&itemsCount=36&searchId=07537ec932fd4322a2fa6c71d7017f8d&rank=45,[반스] (여성)SK8-하이MTE_VN-33TXLR8,"24,600"
46,2022-10-01 23:39:45,https://thumbnail6.coupangcdn.com/thumbnails/remote/230x230ex/image/rs_quotation_api/zl3svdre/8117f2a5941c4334b57d5e5457c1c66c.jpg,https://www.coupang.com/vp/products/4673553509?itemId=5846607379&vendorItemId=73144882105&sourceType=srp_product_ads&clickEventId=e2804589-2735-4056-91fc-d8473d2e5230&korePlacement=15&koreSubPlacement=11&clickEventId=e2804589-2735-4056-91fc-d8473d2e5230&korePlacement=15&koreSubPlacement=11&q=vans&itemsCount=36&searchId=07537ec932fd4322a2fa6c71d7017f8d&rank=46,풋인솔 키높이밴드 뒤꿈치 실리콘 깔창 통풍구멍 무,"9,370"
47,2022-10-01 23:39:45,https://thumbnail8.coupangcdn.com/thumbnails/remote/230x230ex/image/vendor_inventory/d704/a181b15ca87c9fa9ef72d0b2e93430a937ef7d601a94f7abff654e1b3522.jpg,https://www.coupang.com/vp/products/6750908703?itemId=15788271996&vendorItemId=83001079823&q=vans&itemsCount=36&searchId=07537ec932fd4322a2fa6c71d7017f8d&rank=47,[반스] W몰 애니멀 클래식 슬립온 캔버스화 VN000XG8AZO1,"45,000"
48,2022-10-01 23:39:45,https://thumbnail8.coupangcdn.com/thumbnails/remote/230x230ex/image/vendor_inventory/3cb9/1baf48bead1adee9508d62e2577feca9df7b37f6b64daf3eedb59d4d9686.jpg,https://www.coupang.com/vp/products/6283747915?itemId=12915481856&vendorItemId=80180235641&sourceType=srp_product_ads&clickEventId=027029cb-3ff3-4562-99ad-ca5c567739e6&korePlacement=15&koreSubPlacement=13&clickEventId=027029cb-3ff3-4562-99ad-ca5c567739e6&korePlacement=15&koreSubPlacement=13&q=vans&itemsCount=36&searchId=07537ec932fd4322a2fa6c71d7017f8d&rank=48,노멀라이프 액티부스터 남녀공용 땀복,"37,540"
49,2022-10-01 23:39:45,https://thumbnail9.coupangcdn.com/thumbnails/remote/230x230ex/image/vendor_inventory/bcb6/9a5d0efb8e7c822cb2df9d7f147d9f387e35549204b863b5918fd4f35f3a.jpg,https://www.coupang.com/vp/products/6227038602?itemId=12493811907&vendorItemId=81795352400&q=vans&itemsCount=36&searchId=07537ec932fd4322a2fa6c71d7017f8d&rank=49,반스 오버스 블랙 프레임 슬라이드 (611462-0001),"9,900"
50,2022-10-01 23:39:45,https://thumbnail10.coupangcdn.com/thumbnails/remote/230x230ex/image/vendor_inventory/df0a/4952ccd1ccacabb89f80e51ec111f940e1fe8feb743434f454cd919d93b6.jpg,https://www.coupang.com/vp/products/6411219547?itemId=13749856782&vendorItemId=81075151895&q=vans&itemsCount=36&searchId=07537ec932fd4322a2fa6c71d7017f8d&rank=50,반스 스타일 36 데콘 스니커즈 {VN0A3MVLY281}_VN_UA Style 36 Decon SF_19,"49,000"
51,2022-10-01 23:39:45,https://thumbnail6.coupangcdn.com/thumbnails/remote/230x230ex/image/vendor_inventory/5e14/6782a04f78b11d535b957479cf435e17590fabce8685592046b642724083.jpg,https://www.coupang.com/vp/products/6422642743?itemId=13825305294&vendorItemId=81075516247&q=vans&itemsCount=36&searchId=07537ec932fd4322a2fa6c71d7017f8d&rank=51,반스 에라 스니커즈 VANS {VN0A4U391IO1}_VN_UA Era_99,"49,000"
52,2022-10-01 23:39:45,https://thumbnail7.coupangcdn.com/thumbnails/remote/230x230ex/image/vendor_inventory/43cf/4102bf9b54d24d812d85bfc9e27cda23bf308ad7de6840283046d0083961.jpg,https://www.coupang.com/vp/products/6750908654?itemId=15788271660&vendorItemId=83001078994&q=vans&itemsCount=36&searchId=07537ec932fd4322a2fa6c71d7017f8d&rank=52,[반스] W몰 유틸리티팝 스케이트 로우 캔버스화 VN0A4UUKB61,"48,300"
53,2022-10-01 23:39:45,https://thumbnail10.coupangcdn.com/thumbnails/remote/230x230ex/image/vendor_inventory/db99/4e21b3219a29ea92b3a931db1779084ab1dbe4560d47115ab9bec5e9aa86.jpg,https://www.coupang.com/vp/products/5058179089?itemId=6826999069&vendorItemId=74119670093&q=vans&itemsCount=36&searchId=07537ec932fd4322a2fa6c71d7017f8d&rank=53,[반스] 클래식 어센틱 스니커즈 화이트 (VN000EE3W00),"54,680"
54,2022-10-01 23:39:45,https://thumbnail9.coupangcdn.com/thumbnails/remote/230x230ex/image/vendor_inventory/eb4b/11ed22e8584b87d20ca80cc5ae313311eab4c17f680c502b202d2e649548.jpg,https://www.coupang.com/vp/products/272214393?itemId=856844452&vendorItemId=73657439294&q=vans&itemsCount=36&searchId=07537ec932fd4322a2fa6c71d7017f8d&rank=54,반스 반스 (남여공용)애너하임 시드 DX_VN0A4BTXVTM,"26,000"
55,2022-10-01 23:39:45,https://thumbnail7.coupangcdn.com/thumbnails/remote/230x230ex/image/vendor_inventory/5b93/1c5d0aec373b741f3012dd83d2d1b5bae00022797cdd2979379223496282.jpg,https://www.coupang.com/vp/products/5660278662?itemId=9288151328&vendorItemId=77214527423&q=vans&itemsCount=36&searchId=07537ec932fd4322a2fa6c71d7017f8d&rank=55,반스 반스 SK8-Low 스케이트 스니커즈 운동화 VN0A4UUK6BT,"62,850"
56,2022-10-01 23:39:45,https://thumbnail7.coupangcdn.com/thumbnails/remote/230x230ex/image/vendor_inventory/d264/bdeb9b1f751a1ee27ca28221e2fa71c19cd0eddb964e3dc209dc49cdc6c9.jpg,https://www.coupang.com/vp/products/6538884618?itemId=14550197669&vendorItemId=82151004696&q=vans&itemsCount=36&searchId=07537ec932fd4322a2fa6c71d7017f8d&rank=56,반스 반스 코어클래식 ERA 에라/어센틱 검솔 남자 여성 스니커즈 운동화 단화 2종 택일,"60,000"
57,2022-10-01 23:39:45,https://thumbnail6.coupangcdn.com/thumbnails/remote/230x230ex/image/vendor_inventory/f4da/512420743840332770c8afd9822ef8104c1618cf5df925eda12c547df954.jpg,https://www.coupang.com/vp/products/6703508562?itemId=15535944706&vendorItemId=83099022112&q=vans&itemsCount=36&searchId=07537ec932fd4322a2fa6c71d7017f8d&rank=57,반스 신발 운동화 스니커즈 스타일 36 VN0A54F6680,"45,000"
58,2022-10-01 23:39:45,https://thumbnail6.coupangcdn.com/thumbnails/remote/230x230ex/image/vendor_inventory/2730/7875674ece719c1559b28ece82095a093fa1fe070ba17d661ea623b0a262.jpg,https://www.coupang.com/vp/products/6734528724?itemId=15701381903&vendorItemId=82915905473&q=vans&itemsCount=36&searchId=07537ec932fd4322a2fa6c71d7017f8d&rank=58,반스 스타일 36 데콘 SF 스웨이드캔버스 마쉬멜로우,"58,680"
59,2022-10-01 23:39:45,https://thumbnail9.coupangcdn.com/thumbnails/remote/230x230ex/image/vendor_inventory/fe94/5718c71a546a75835c581c5e5d84f9c908d54b03437bf2a6248a3a4995c2.jpg,https://www.coupang.com/vp/products/6765319315?itemId=15868250065&vendorItemId=83077813452&q=vans&itemsCount=36&searchId=07537ec932fd4322a2fa6c71d7017f8d&rank=59,[국내매장판] 반스 어센틱 껌 마시멜로우 껌 VN0A2Z5I18G1,"60,860"
60,2022-10-01 23:39:45,https://thumbnail9.coupangcdn.com/thumbnails/remote/230x230ex/image/vendor_inventory/107a/3ddc40e2f8b342def73654c915c6dba3116cdd611ce3063cc24eadb06600.jpg,https://www.coupang.com/vp/products/5304871367?itemId=7668939635&vendorItemId=74959275195&q=vans&itemsCount=36&searchId=07537ec932fd4322a2fa6c71d7017f8d&rank=60,반스 어센틱 44 DX 남녀공용 (VN0A38ENMR2),"60,910"
61,2022-10-01 23:39:45,https://thumbnail8.coupangcdn.com/thumbnails/remote/230x230ex/image/vendor_inventory/d0ee/b99b877133db6d7855d63349fc5ffe617e640426b298bfa84cac0b42d167.jpg,https://www.coupang.com/vp/products/6703508542?itemId=15535944577&vendorItemId=83094248756&q=vans&itemsCount=36&searchId=07537ec932fd4322a2fa6c71d7017f8d&rank=61,반스 신발 운동화 스니커즈 팔켄 V3830SC,"56,000"
62,2022-10-01 23:39:45,https://thumbnail7.coupangcdn.com/thumbnails/remote/230x230ex/image/vendor_inventory/3b21/0f2af182b7c939595aa4cf23c16fb182a0ca56978e35125f826f27c2116c.jpg,https://www.coupang.com/vp/products/6429595442?itemId=13870144119&vendorItemId=81158727744&q=vans&itemsCount=36&searchId=07537ec932fd4322a2fa6c71d7017f8d&rank=62,반스 반스 필모어 데콘 스니커즈 운동화 신발 VN0A45NM1WX,"40,090"
63,2022-10-01 23:39:45,https://thumbnail6.coupangcdn.com/thumbnails/remote/230x230ex/image/vendor_inventory/5fb6/c175fdba41a19d09ea2a39432e6e8dc4bdaf6edce93c077d6ae398cb032f.jpg,https://www.coupang.com/vp/products/6703508519?itemId=15535944393&vendorItemId=83119138829&q=vans&itemsCount=36&searchId=07537ec932fd4322a2fa6c71d7017f8d&rank=63,반스 신발 운동화 스니커즈 에라 V95CF T.CHK,"35,000"
64,2022-10-01 23:39:45,https://thumbnail10.coupangcdn.com/thumbnails/remote/230x230ex/image/vendor_inventory/53e1/8ba2577195888fab2073718c04c5e23c928258b6b63d2da32f70a1ff286d.jpg,https://www.coupang.com/vp/products/6458097897?itemId=14044836757&vendorItemId=83001080655&q=vans&itemsCount=36&searchId=07537ec932fd4322a2fa6c71d7017f8d&rank=64,(기간한정특가) 반스 VN0A5KX8AWD 클래식 슬립온 98 남녀공용 운동화 반스코리아 국내매장정품 제이에이치컴퍼니 jh86shop,"57,000"
65,2022-10-01 23:39:45,https://thumbnail8.coupangcdn.com/thumbnails/remote/230x230ex/image/vendor_inventory/f56a/947bb26c300e21aa32e25616cea561866b7820e6a2b80b30f1c8e228dec9.jpg,https://www.coupang.com/vp/products/6083675658?itemId=11292102440&vendorItemId=83121312310&q=vans&itemsCount=36&searchId=07537ec932fd4322a2fa6c71d7017f8d&rank=65,반스 반스 클래식 어센틱 스니커즈 블랙 (VN000EE3BLK,"63,970"
66,2022-10-01 23:39:45,https://thumbnail8.coupangcdn.com/thumbnails/remote/230x230ex/image/rs_quotation_api/wnbzkp5l/fbde9853fe7c490b9bb9c7502793a447.png,https://www.coupang.com/vp/products/6646065073?itemId=15210243127&vendorItemId=82431276425&q=vans&itemsCount=36&searchId=07537ec932fd4322a2fa6c71d7017f8d&rank=66,반스 올드스쿨 VN0A3WKT9EH,"64,040"
67,2022-10-01 23:39:45,https://thumbnail10.coupangcdn.com/thumbnails/remote/230x230ex/image/vendor_inventory/03f7/6a6b2b521995e0a27f344b723c8059e1a8cb0d08628d04dcf6eab5e50d39.jpg,https://www.coupang.com/vp/products/6759125007?itemId=15834559086&vendorItemId=81974405259&q=vans&itemsCount=36&searchId=07537ec932fd4322a2fa6c71d7017f8d&rank=67,반스 올드스쿨 검솔 (VN0A4U3B2NW) (220-280),"48,900"
68,2022-10-01 23:39:45,https://thumbnail7.coupangcdn.com/thumbnails/remote/230x230ex/image/vendor_inventory/b430/d97594518cc65f6e7008bc76af42044d1246187778e1ef31df30fa91199f.jpg,https://www.coupang.com/vp/products/6517860417?itemId=14426987206&vendorItemId=81795299002&q=vans&itemsCount=36&searchId=07537ec932fd4322a2fa6c71d7017f8d&rank=68,반스 올드스쿨 껌 (VN0A4U3B2NW) (220-280),"54,600"
69,2022-10-01 23:39:45,https://thumbnail6.coupangcdn.com/thumbnails/remote/230x230ex/image/vendor_inventory/5fb6/c175fdba41a19d09ea2a39432e6e8dc4bdaf6edce93c077d6ae398cb032f.jpg,https://www.coupang.com/vp/products/6703508577?itemId=15535944797&vendorItemId=83119138860&q=vans&itemsCount=36&searchId=07537ec932fd4322a2fa6c71d7017f8d&rank=69,반스 신발 운동화 스니커즈 에라 V95CF T.CHK,"35,000"
70,2022-10-01 23:39:45,https://thumbnail10.coupangcdn.com/thumbnails/remote/230x230ex/image/vendor_inventory/6509/d9c79fb14cb80e88c68cda92667ad9561459d79b426588a6c8002e0f2470.jpg,https://www.coupang.com/vp/products/6413215686?itemId=13762842846&vendorItemId=81013490818&q=vans&itemsCount=36&searchId=07537ec932fd4322a2fa6c71d7017f8d&rank=70,반스 스타일36 데콘 스니커즈 VANS {VN0A5HFF3131}_VN_UA Style 36 Decon SF_1,"49,000"
71,2022-10-01 23:39:45,https://thumbnail7.coupangcdn.com/thumbnails/remote/230x230ex/image/vendor_inventory/0e72/d2be8621e0cf68e53d47cd69ba384ef2b096f3ba101ccaedb49fba16818c.jpg,https://www.coupang.com/vp/products/5058148372?itemId=6826955418&vendorItemId=74119635918&q=vans&itemsCount=36&searchId=07537ec932fd4322a2fa6c71d7017f8d&rank=71,[반스] 클래식 슬립온 블랙 (VN000EYEBLK),"57,220"
72,2022-10-01 23:39:57,https://thumbnail9.coupangcdn.com/thumbnails/remote/230x230ex/image/vendor_inventory/67b7/c85b08632746972e70eca86a99cbb4d0781305bf343d09f1b97bf30c5189.jpg,https://www.coupang.com/vp/products/6595187804?itemId=14898519699&vendorItemId=83328326026&sourceType=srp_product_ads&clickEventId=ac827902-90ba-47c6-a123-376c877a1cb1&korePlacement=15&koreSubPlacement=73&clickEventId=ac827902-90ba-47c6-a123-376c877a1cb1&korePlacement=15&koreSubPlacement=73&q=vans&itemsCount=36&searchId=35628f68f78847ef8675ab98e1311dd5&rank=72,나이키 제이크루 킬샷2 레더 아일랜드 그린 네이비 432997-126 남자 단화 스니커즈 국내배송 매장판,"110,630"
73,2022-10-01 23:39:57,https://thumbnail9.coupangcdn.com/thumbnails/remote/230x230ex/image/vendor_inventory/dc80/5030e28871afbf5be26db2c7d37f74847bf62fce59258785eccfb0aa3d35.png,https://www.coupang.com/vp/products/6771018035?itemId=15898457623&vendorItemId=83120018626&q=vans&itemsCount=36&searchId=35628f68f78847ef8675ab98e1311dd5&rank=73,VANS 반스 클래식 슬립온 98 DX PW / VN0A5HZN9GU1,"59,800"
74,2022-10-01 23:39:57,https://thumbnail10.coupangcdn.com/thumbnails/remote/230x230ex/image/vendor_inventory/e7bb/d8789c216a2afe067870d4d9577b03771f9257060ada784873ad7a750608.jpg,https://www.coupang.com/vp/products/6740667147?itemId=15734897905&vendorItemId=82948832346&sourceType=srp_product_ads&clickEventId=98013b9c-79bd-4548-9fd7-52fffd8d9931&korePlacement=15&koreSubPlacement=75&clickEventId=98013b9c-79bd-4548-9fd7-52fffd8d9931&korePlacement=15&koreSubPlacement=75&q=vans&itemsCount=36&searchId=35628f68f78847ef8675ab98e1311dd5&rank=74,발편한 실내 운동화 헬스 러닝화 홈 트레이닝화 + 기능성깔창,"29,800"
75,2022-10-01 23:39:57,https://thumbnail10.coupangcdn.com/thumbnails/remote/230x230ex/image/vendor_inventory/03f7/6a6b2b521995e0a27f344b723c8059e1a8cb0d08628d04dcf6eab5e50d39.jpg,https://www.coupang.com/vp/products/6759127892?itemId=15834574603&vendorItemId=81974399466&q=vans&itemsCount=36&searchId=35628f68f78847ef8675ab98e1311dd5&rank=75,반스 올드스쿨 검솔 (VN0A4U3B2NW) (220-280),"48,900"
76,2022-10-01 23:39:57,https://thumbnail9.coupangcdn.com/thumbnails/remote/230x230ex/image/rs_quotation_api/okde1b55/2a27a608492344d99584a47e00d6c8ee.jpg,https://www.coupang.com/vp/products/5399368467?itemId=8073663563&vendorItemId=75362043947&sourceType=srp_product_ads&clickEventId=ec09048c-0a66-498e-8328-df035cd74ec8&korePlacement=15&koreSubPlacement=77&clickEventId=ec09048c-0a66-498e-8328-df035cd74ec8&korePlacement=15&koreSubPlacement=77&q=vans&itemsCount=36&searchId=35628f68f78847ef8675ab98e1311dd5&rank=76,밸롭 BSR 티바트2.0 니트 런닝화 BS02010161,"59,000"
77,2022-10-01 23:39:57,https://thumbnail9.coupangcdn.com/thumbnails/remote/230x230ex/image/vendor_inventory/843b/4fb00a7afdf55008f5d584b08a855619624a8e63352ff11dcfe0fd4cf0b6.jpg,https://www.coupang.com/vp/products/6624011150?itemId=15072590665&vendorItemId=83030990290&q=vans&itemsCount=36&searchId=35628f68f78847ef8675ab98e1311dd5&rank=77,(반스 VN0A4UUK6BT 스케이트로우 남녀공용 운동화 반스코리아 국내매장정품 제이에이치컴퍼니 jh86shop,"54,140"
78,2022-10-01 23:39:57,https://thumbnail8.coupangcdn.com/thumbnails/remote/230x230ex/image/vendor_inventory/caf3/4dae1805999f5973d7a7318aaaf778ede57f3283afe071263a68ce2100d3.jpg,https://www.coupang.com/vp/products/6239307468?itemId=12584883683&vendorItemId=72719638486&sourceType=srp_product_ads&clickEventId=e69c7f45-2a2c-4b49-9065-c77c51cd60e8&korePlacement=15&koreSubPlacement=79&clickEventId=e69c7f45-2a2c-4b49-9065-c77c51cd60e8&korePlacement=15&koreSubPlacement=79&q=vans&itemsCount=36&searchId=35628f68f78847ef8675ab98e1311dd5&rank=78,[플로우커머스] 겨울 남성청바지 남자기모청바지 기모바지 스판 MNJ-01,"39,900"
79,2022-10-01 23:39:57,https://thumbnail7.coupangcdn.com/thumbnails/remote/230x230ex/image/vendor_inventory/3981/5b5c98c602741fe0c549c3f4a7d26e11cad6099932e4ed8a71a0b91fafe4.jpg,https://www.coupang.com/vp/products/6719016854?itemId=15622208098&vendorItemId=83202597983&q=vans&itemsCount=36&searchId=35628f68f78847ef8675ab98e1311dd5&rank=79,반스 신발 운동화 스니커즈 어센틱 VN0A5KRDARG,"58,900"
80,2022-10-01 23:39:57,https://thumbnail6.coupangcdn.com/thumbnails/remote/230x230ex/image/vendor_inventory/0f0a/6aa41a8168edea3adaa5bdddfca530f0555671b78484a551a54cf6b6614b.jpg,https://www.coupang.com/vp/products/6415600075?itemId=13777823696&vendorItemId=81811111848&q=vans&itemsCount=36&searchId=35628f68f78847ef8675ab98e1311dd5&rank=80,반스 스타일36 스니커즈 VANS_SMU_{VN0A54F6A9E1}_ Style 36_WHITE,"75,730"
81,2022-10-01 23:39:57,https://thumbnail6.coupangcdn.com/thumbnails/remote/230x230ex/image/vendor_inventory/da75/963fdcace31e48ee784930fbb8bdc37a87104afa94a6afc2a28af34fe444.JPG,https://www.coupang.com/vp/products/6759054052?itemId=15834170391&vendorItemId=83045667482&q=vans&itemsCount=36&searchId=35628f68f78847ef8675ab98e1311dd5&rank=81,반스 스타일 36 더블라이트 VN0A54F6B95,"59,000"
82,2022-10-01 23:39:57,https://thumbnail9.coupangcdn.com/thumbnails/remote/230x230ex/image/retail/images/2021/07/07/14/4/6cbd50cd-3b8b-4976-92de-e29a7fdf23a3.jpg,https://www.coupang.com/vp/products/5763114228?itemId=9766945536&vendorItemId=77240089724&sourceType=srp_product_ads&clickEventId=7dbaa17d-3914-49f4-a7cc-b82ebcdab92a&korePlacement=15&koreSubPlacement=83&clickEventId=7dbaa17d-3914-49f4-a7cc-b82ebcdab92a&korePlacement=15&koreSubPlacement=83&q=vans&itemsCount=36&searchId=35628f68f78847ef8675ab98e1311dd5&rank=82,뽀마 앞꿈치패드 5p,"10,080"
83,2022-10-01 23:39:57,https://thumbnail9.coupangcdn.com/thumbnails/remote/230x230ex/image/vendor_inventory/12cc/c887c3c705f7afeb75925fe7041720e1515152448baffa520d910b567ad2.jpg,https://www.coupang.com/vp/products/6610695799?itemId=14988788746&vendorItemId=82872679201&q=vans&itemsCount=36&searchId=35628f68f78847ef8675ab98e1311dd5&rank=83,[국내매장판] 반스 볼드 엔아이 Staple 블랙 화이트 VN0A3WLPOS71,"65,000"
84,2022-10-01 23:39:57,https://thumbnail9.coupangcdn.com/thumbnails/remote/230x230ex/image/vendor_inventory/2b32/42e96bbcea911f1a0801a5bd5d7aa3ce91a68960ccd4461303401645f4ac.jpg,https://www.coupang.com/vp/products/4925402024?itemId=6501571753&vendorItemId=71574332668&sourceType=srp_product_ads&clickEventId=b97e2024-4801-48d0-82f3-ce07e6ef0295&korePlacement=15&koreSubPlacement=85&clickEventId=b97e2024-4801-48d0-82f3-ce07e6ef0295&korePlacement=15&koreSubPlacement=85&q=vans&itemsCount=36&searchId=35628f68f78847ef8675ab98e1311dd5&rank=84,슈퍼맨아웃도어 [1+1]NEW패션스판청바지B 남성 등산복 등산바지 작업복 작업바지 일상복 데님 청스판 아웃도어 빅사이즈,"27,800"
85,2022-10-01 23:39:57,https://thumbnail8.coupangcdn.com/thumbnails/remote/230x230ex/image/vendor_inventory/6585/0b87b94fec3ef6d4df3a2ed547cc3911fbc11e359e542e7cf142c285a01e.jpg,https://www.coupang.com/vp/products/6782302423?itemId=15954090909&vendorItemId=83160476336&q=vans&itemsCount=36&searchId=35628f68f78847ef8675ab98e1311dd5&rank=85,반스 VANS 에라 - (CHECKERBOARD) BLACK/MARSHMALLOW,"72,500"
86,2022-10-01 23:39:57,https://thumbnail7.coupangcdn.com/thumbnails/remote/230x230ex/image/vendor_inventory/9a4b/733ee74dde42db62df1dec5c446c820c2c415c0ec75ed1684d4fb1f33528.jpg,https://www.coupang.com/vp/products/6768763313?itemId=15886215774&vendorItemId=83094507760&q=vans&itemsCount=36&searchId=35628f68f78847ef8675ab98e1311dd5&rank=86,[국내매장판] 반스 클래식 체커보드 슬립온 파리지앵 나이트 VN0A5JMHARY,"72,000"
87,2022-10-01 23:39:57,https://thumbnail8.coupangcdn.com/thumbnails/remote/230x230ex/image/retail/images/2022/03/11/13/5/ea6b4cbd-c83e-421d-9521-007a4068f77b.jpg,https://www.coupang.com/vp/products/6394047254?itemId=13644115130&vendorItemId=80896759659&q=vans&itemsCount=36&searchId=35628f68f78847ef8675ab98e1311dd5&rank=87,반스 올드 스쿨 36 DX 애너하임 팩토리 운동화 M VN0A54F34SP1,"77,380"
88,2022-10-01 23:39:57,https://thumbnail6.coupangcdn.com/thumbnails/remote/230x230ex/image/vendor_inventory/65be/dc32d4c1e932fa00af8d5275cfc2ca97b78162ee75d1a84dae8042cd3ed0.jpg,https://www.coupang.com/vp/products/6422870895?itemId=13826521951&vendorItemId=81076721976&q=vans&itemsCount=36&searchId=35628f68f78847ef8675ab98e1311dd5&rank=88,반스 어센틱 뮬 VANS VN_{VN0A54F72BK1} Authentic Mule SMU_59,"39,000"
89,2022-10-01 23:39:57,https://thumbnail8.coupangcdn.com/thumbnails/remote/230x230ex/image/vendor_inventory/f56a/947bb26c300e21aa32e25616cea561866b7820e6a2b80b30f1c8e228dec9.jpg,https://www.coupang.com/vp/products/6083675658?itemId=11292102440&vendorItemId=83121312310&q=vans&itemsCount=36&searchId=35628f68f78847ef8675ab98e1311dd5&rank=89,반스 반스 클래식 어센틱 스니커즈 블랙 (VN000EE3BLK,"63,970"
90,2022-10-01 23:39:57,https://thumbnail10.coupangcdn.com/thumbnails/remote/230x230ex/image/vendor_inventory/6509/d9c79fb14cb80e88c68cda92667ad9561459d79b426588a6c8002e0f2470.jpg,https://www.coupang.com/vp/products/6413215686?itemId=13762842846&vendorItemId=81013490818&q=vans&itemsCount=36&searchId=35628f68f78847ef8675ab98e1311dd5&rank=90,반스 스타일36 데콘 스니커즈 VANS {VN0A5HFF3131}_VN_UA Style 36 Decon SF_1,"49,000"
91,2022-10-01 23:39:57,https://thumbnail9.coupangcdn.com/thumbnails/remote/230x230ex/image/vendor_inventory/f059/48c58ee7266ef7f23fff31e3be36b000a05f55f82e9a78fc5e202d027834.jpg,https://www.coupang.com/vp/products/6415666980?itemId=13778189518&vendorItemId=81028682053&q=vans&itemsCount=36&searchId=35628f68f78847ef8675ab98e1311dd5&rank=91,반스 어센틱 빈티지 스니커즈 VANS_{VN0A5KRD8CO1}_Authentic_BLACK,"69,000"
92,2022-10-01 23:39:57,https://thumbnail6.coupangcdn.com/thumbnails/remote/230x230ex/image/vendor_inventory/6d55/51dc3d1d22472f87d65d94e58b6f62e3ba6f1535e6a7b40a508e8ba55f3e.jpg,https://www.coupang.com/vp/products/6765314744?itemId=15868221311&vendorItemId=83077787747&q=vans&itemsCount=36&searchId=35628f68f78847ef8675ab98e1311dd5&rank=92,[국내매장판] 반스 UA 36 그린 VN0A3DZ3RFX1,"102,910"
93,2022-10-01 23:39:57,https://thumbnail7.coupangcdn.com/thumbnails/remote/230x230ex/image/vendor_inventory/a0f4/62ef1fd9c386ada6bb47d00a082c18c2bdf38113ff26fab06cb6a21c0d1c.jpg,https://www.coupang.com/vp/products/6636004905?itemId=15150712045&vendorItemId=82372235932&q=vans&itemsCount=36&searchId=35628f68f78847ef8675ab98e1311dd5&rank=93,반스(VANS) OLD SKOOL 스니커즈 (unisex) VN0A3WKT4PF,"79,000"
94,2022-10-01 23:39:57,https://thumbnail7.coupangcdn.com/thumbnails/remote/230x230ex/image/vendor_inventory/bbc0/5ec2e63f9d8ee21c7e4521821e5dfda72a2a209c0c1f180be3ad15d8850c.jpg,https://www.coupang.com/vp/products/6745435953?itemId=15759573216&vendorItemId=82973055298&q=vans&itemsCount=36&searchId=35628f68f78847ef8675ab98e1311dd5&rank=94,반스 올드 스쿨 V36CF SHY 스니커즈,"39,900"
95,2022-10-01 23:39:57,https://thumbnail10.coupangcdn.com/thumbnails/remote/230x230ex/image/vendor_inventory/77b9/c41e83f0dc41f734ccadee462061d02ccb3276117fc0093d17e94a358f42.jpg,https://www.coupang.com/vp/products/6537512833?itemId=14542239399&vendorItemId=81796124849&q=vans&itemsCount=36&searchId=35628f68f78847ef8675ab98e1311dd5&rank=95,반스 필모어 디콘 (VN0A3WKZ187) (255-295),"60,560"
96,2022-10-01 23:39:57,https://thumbnail7.coupangcdn.com/thumbnails/remote/230x230ex/image/vendor_inventory/380f/7c317c87ad6523817d16a4e4431d70eba72db8f8d69c64979e6d9b273ba8.jpg,https://www.coupang.com/vp/products/6537310941?itemId=14541145925&vendorItemId=81783558614&q=vans&itemsCount=36&searchId=35628f68f78847ef8675ab98e1311dd5&rank=96,반스 스케이트 로우 스니커즈 VANS {VN0A4UUK4W71}_VN_UA SK8-Low_19 FLVNCA1U18,"49,000"
97,2022-10-01 23:39:57,https://thumbnail6.coupangcdn.com/thumbnails/remote/230x230ex/image/vendor_inventory/a523/f89fb2458b926e2ac1866be7d3e0f0b7b3330243a46ffe32cc3379fc2090.JPG,https://www.coupang.com/vp/products/6761723406?itemId=15847941718&vendorItemId=83058729552&q=vans&itemsCount=36&searchId=35628f68f78847ef8675ab98e1311dd5&rank=97,반스 웨이비 VN0A5JIAWWW,"69,000"
98,2022-10-01 23:39:57,https://thumbnail7.coupangcdn.com/thumbnails/remote/230x230ex/image/vendor_inventory/3b21/0f2af182b7c939595aa4cf23c16fb182a0ca56978e35125f826f27c2116c.jpg,https://www.coupang.com/vp/products/6429595442?itemId=13870144119&vendorItemId=81158727744&q=vans&itemsCount=36&searchId=35628f68f78847ef8675ab98e1311dd5&rank=98,반스 반스 필모어 데콘 스니커즈 운동화 신발 VN0A45NM1WX,"40,090"
99,2022-10-01 23:39:57,https://thumbnail10.coupangcdn.com/thumbnails/remote/230x230ex/image/vendor_inventory/94c7/1f6172a15e6c40887e66c87fac5f3e30e73cd71e720d5731bbfd35db3b9e.jpg,https://www.coupang.com/vp/products/6295948038?itemId=12992894322&vendorItemId=80256671225&q=vans&itemsCount=36&searchId=35628f68f78847ef8675ab98e1311dd5&rank=99,무인양품 MUJI 남성 발수 발이 편한 슬립온 스니커 EBC02ZZZ,"29,900"
100,2022-10-01 23:39:57,https://thumbnail6.coupangcdn.com/thumbnails/remote/230x230ex/image/vendor_inventory/cf50/e5ec116099a0a1eef988d8e62fbb587a07daa77ad382e4294a9da0b3616c.jpg,https://www.coupang.com/vp/products/6750603709?itemId=15786997083&vendorItemId=83010285523&q=vans&itemsCount=36&searchId=35628f68f78847ef8675ab98e1311dd5&rank=100,국내매장용 반스 VANS 남성 여성 옴브레 AUTHENTIC 어센틱 퍼플 VN0A5KRDZ1N1 운동화 스니커즈 슈즈 신발,"75,000"
101,2022-10-01 23:39:57,https://thumbnail7.coupangcdn.com/thumbnails/remote/230x230ex/image/vendor_inventory/0e72/d2be8621e0cf68e53d47cd69ba384ef2b096f3ba101ccaedb49fba16818c.jpg,https://www.coupang.com/vp/products/5058148372?itemId=6826955418&vendorItemId=74119635918&q=vans&itemsCount=36&searchId=35628f68f78847ef8675ab98e1311dd5&rank=101,[반스] 클래식 슬립온 블랙 (VN000EYEBLK),"57,220"
102,2022-10-01 23:39:57,https://thumbnail10.coupangcdn.com/thumbnails/remote/230x230ex/image/vendor_inventory/8cf4/8431710d75f2b7e4c6ee2c269aa40d3e4008011d5f1193933dee29542257.jpg,https://www.coupang.com/vp/products/6768520403?itemId=15885052650&vendorItemId=83184783005&q=vans&itemsCount=36&searchId=35628f68f78847ef8675ab98e1311dd5&rank=102,[국내매장판] 반스 올드스쿨 레트로 플로랄 멀티 트루 VN0A5KRFB0G1,"79,000"
103,2022-10-01 23:39:57,https://thumbnail10.coupangcdn.com/thumbnails/remote/230x230ex/image/vendor_inventory/1ac4/35b382dbaef485d857d5540972972c670d45581894b57aebbca8c10b44f2.jpg,https://www.coupang.com/vp/products/6509441685?itemId=14371250413&vendorItemId=81662580137&q=vans&itemsCount=36&searchId=35628f68f78847ef8675ab98e1311dd5&rank=103,반스 컴피쿠시 어센틱 스웨이드 VN0A3WM72QA 220-280,"61,540"
104,2022-10-01 23:39:58,https://thumbnail6.coupangcdn.com/thumbnails/remote/230x230ex/image/vendor_inventory/69ed/34b1b33c012310924f70ab1576e9da2b74d6b73eddaaa672fd8b32b43421.jpg,https://www.coupang.com/vp/products/6422878910?itemId=13826571255&vendorItemId=83013080403&q=vans&itemsCount=36&searchId=35628f68f78847ef8675ab98e1311dd5&rank=104,반스 어센틱 뮬 VANS VN_{VVN0A54F72BJ1} Authentic Mule SMU_40,"39,000"
105,2022-10-01 23:39:58,https://thumbnail7.coupangcdn.com/thumbnails/remote/230x230ex/image/vendor_inventory/b3a7/9a5a1630e3c353366d1602df983d7a28d7adc5926f28d9da758de422484d.jpeg,https://www.coupang.com/vp/products/6631645131?itemId=15120599460&vendorItemId=82342340886&q=vans&itemsCount=36&searchId=35628f68f78847ef8675ab98e1311dd5&rank=105,반스 올드스쿨 블랙 컴피쿠시 남녀공용,"79,000"
106,2022-10-01 23:39:58,https://thumbnail9.coupangcdn.com/thumbnails/remote/230x230ex/image/vendor_inventory/7b1c/d0af6e6ae78f07b9a145274d681b9c539c60a09031264d26566830ab2c65.jpg,https://www.coupang.com/vp/products/4612862869?itemId=5704780389&vendorItemId=74618405022&q=vans&itemsCount=36&searchId=35628f68f78847ef8675ab98e1311dd5&rank=106,반스 클래식 슬립온 체커 화이트 VN000EYEBWW1 IP,"60,390"
107,2022-10-01 23:39:58,https://thumbnail9.coupangcdn.com/thumbnails/remote/230x230ex/image/vendor_inventory/a383/7c779b9aeb5abc736a954badffc04bcbdcd4df8dc4b7c408a935936c4b1c.jpg,https://www.coupang.com/vp/products/6435639689?itemId=13907983358&vendorItemId=81157502762&q=vans&itemsCount=36&searchId=35628f68f78847ef8675ab98e1311dd5&rank=107,반스 올드 스쿨 - PINK/WHITE,"33,600"
108,2022-10-01 23:40:09,https://thumbnail9.coupangcdn.com/thumbnails/remote/230x230ex/image/vendor_inventory/67b7/c85b08632746972e70eca86a99cbb4d0781305bf343d09f1b97bf30c5189.jpg,https://www.coupang.com/vp/products/6595187804?itemId=14898519699&vendorItemId=83328326026&sourceType=srp_product_ads&clickEventId=ef4f57c9-a8d4-4504-b714-01f7cfd8ed75&korePlacement=15&koreSubPlacement=109&clickEventId=ef4f57c9-a8d4-4504-b714-01f7cfd8ed75&korePlacement=15&koreSubPlacement=109&q=vans&itemsCount=36&searchId=14863fc43b784b7398dfaaaf802926c0&rank=108,나이키 제이크루 킬샷2 레더 아일랜드 그린 네이비 432997-126 남자 단화 스니커즈 국내배송 매장판,"110,630"
109,2022-10-01 23:40:09,https://thumbnail9.coupangcdn.com/thumbnails/remote/230x230ex/image/vendor_inventory/b29d/41c64362b2f53fa95d01943b5b2b5cb5e3da4e70c3dfd7bf74f5143cd378.jpg,https://www.coupang.com/vp/products/6535197865?itemId=14529592417&vendorItemId=81772133254&q=vans&itemsCount=36&searchId=14863fc43b784b7398dfaaaf802926c0&rank=109,반스 어센틱 페이즐리 스니커즈 VANS_{VN0A5KRDAV01}_PC_Uuthentic_99 FLVNCA2U09,"49,000"
110,2022-10-01 23:40:09,https://thumbnail10.coupangcdn.com/thumbnails/remote/230x230ex/image/vendor_inventory/e7bb/d8789c216a2afe067870d4d9577b03771f9257060ada784873ad7a750608.jpg,https://www.coupang.com/vp/products/6740667147?itemId=15734897905&vendorItemId=82948832346&sourceType=srp_product_ads&clickEventId=1982581d-6580-443f-b641-e72f5d3f08f6&korePlacement=15&koreSubPlacement=111&clickEventId=1982581d-6580-443f-b641-e72f5d3f08f6&korePlacement=15&koreSubPlacement=111&q=vans&itemsCount=36&searchId=14863fc43b784b7398dfaaaf802926c0&rank=110,발편한 실내 운동화 헬스 러닝화 홈 트레이닝화 + 기능성깔창,"29,800"
111,2022-10-01 23:40:09,https://thumbnail6.coupangcdn.com/thumbnails/remote/230x230ex/image/vendor_inventory/f940/0614a59677235b91e524d0025854287a324f2e54489fe342b4be057b590c.jpg,https://www.coupang.com/vp/products/6745412914?itemId=15759472428&vendorItemId=82972957106&q=vans&itemsCount=36&searchId=14863fc43b784b7398dfaaaf802926c0&rank=111,반스 모듈로 V3838 SC 스니커즈,"89,000"
112,2022-10-01 23:40:09,https://thumbnail9.coupangcdn.com/thumbnails/remote/230x230ex/image/rs_quotation_api/okde1b55/2a27a608492344d99584a47e00d6c8ee.jpg,https://www.coupang.com/vp/products/5399368467?itemId=8073663563&vendorItemId=75362043947&sourceType=srp_product_ads&clickEventId=95981b2f-6819-48b9-87d8-857117e1c1d3&korePlacement=15&koreSubPlacement=113&clickEventId=95981b2f-6819-48b9-87d8-857117e1c1d3&korePlacement=15&koreSubPlacement=113&q=vans&itemsCount=36&searchId=14863fc43b784b7398dfaaaf802926c0&rank=112,밸롭 BSR 티바트2.0 니트 런닝화 BS02010161,"59,000"
113,2022-10-01 23:40:09,https://thumbnail8.coupangcdn.com/thumbnails/remote/230x230ex/image/vendor_inventory/09f4/a74bddf0480f0097d3f77360b042accd6ff43bd0db5e453a48d7f241ffac.JPG,https://www.coupang.com/vp/products/6690946270?itemId=15461349441&vendorItemId=82680891754&q=vans&itemsCount=36&searchId=14863fc43b784b7398dfaaaf802926c0&rank=113,국내매장판 반스 슬립온 뮬,"69,000"
114,2022-10-01 23:40:09,https://thumbnail9.coupangcdn.com/thumbnails/remote/230x230ex/image/vendor_inventory/80e0/b04b05b7898ca9aff076f4fe34e2e26842005d0df203d2be6f836dfdb27c.png,https://www.coupang.com/vp/products/6479091392?itemId=14175218052&vendorItemId=81421222885&sourceType=srp_product_ads&clickEventId=60ee96d4-180b-4f3c-a9ab-983d561201f1&korePlacement=15&koreSubPlacement=115&clickEventId=60ee96d4-180b-4f3c-a9ab-983d561201f1&korePlacement=15&koreSubPlacement=115&q=vans&itemsCount=36&searchId=14863fc43b784b7398dfaaaf802926c0&rank=114,에멜강스 체크 무늬 패션 양말 4켤레 세트 포인트 장목 골지,"15,800"
115,2022-10-01 23:40:09,https://thumbnail9.coupangcdn.com/thumbnails/remote/230x230ex/image/vendor_inventory/9638/cdbf10fb5cb46505b9eb221b88cb2155b1483b2541566b1c42a268bc2e8d.jpg,https://www.coupang.com/vp/products/6422621880?itemId=13825201841&vendorItemId=81077760933&q=vans&itemsCount=36&searchId=14863fc43b784b7398dfaaaf802926c0&rank=115,반스 스케이트 로우 VN0A4UUKA0M,"54,290"
116,2022-10-01 23:40:09,https://thumbnail7.coupangcdn.com/thumbnails/remote/230x230ex/image/vendor_inventory/b20f/3a4db2af13fc40e53cd1fdf5b921627ec59223c9d98006f54f22e835128e.jpg,https://www.coupang.com/vp/products/4745141263?itemId=6033766719&vendorItemId=73817410242&q=vans&itemsCount=36&searchId=14863fc43b784b7398dfaaaf802926c0&rank=116,반스 클래식 슬립온 블랙 (VN000EYEBLK),"61,730"
117,2022-10-01 23:40:09,https://thumbnail9.coupangcdn.com/thumbnails/remote/230x230ex/image/vendor_inventory/bef7/ac86654c2c182f5682358e852b8a3dfd6d721c05c995ebf35c7ce6647835.jpg,https://www.coupang.com/vp/products/6461206559?itemId=14061936445&vendorItemId=81309252515&q=vans&itemsCount=36&searchId=14863fc43b784b7398dfaaaf802926c0&rank=117,[반스] 공용 Ela 운동화_VN0A54F144B1,"41,890"
118,2022-10-01 23:40:09,https://thumbnail8.coupangcdn.com/thumbnails/remote/230x230ex/image/vendor_inventory/caf3/4dae1805999f5973d7a7318aaaf778ede57f3283afe071263a68ce2100d3.jpg,https://www.coupang.com/vp/products/6239307468?itemId=12584883683&vendorItemId=72719638486&sourceType=srp_product_ads&clickEventId=0c7e9c24-59ed-4592-ad3f-c8b1c2e9eae2&korePlacement=15&koreSubPlacement=119&clickEventId=0c7e9c24-59ed-4592-ad3f-c8b1c2e9eae2&korePlacement=15&koreSubPlacement=119&q=vans&itemsCount=36&searchId=14863fc43b784b7398dfaaaf802926c0&rank=118,[플로우커머스] 겨울 남성청바지 남자기모청바지 기모바지 스판 MNJ-01,"39,900"
119,2022-10-01 23:40:09,https://thumbnail6.coupangcdn.com/thumbnails/remote/230x230ex/image/vendor_inventory/55af/4fde283bed6723f97cafb0a60421e201ce71479415fb97004441db2e02fb.jpeg,https://www.coupang.com/vp/products/6631645451?itemId=15120601713&vendorItemId=82342343242&q=vans&itemsCount=36&searchId=14863fc43b784b7398dfaaaf802926c0&rank=119,반스 어센틱 올검,"69,000"
120,2022-10-01 23:40:09,https://thumbnail10.coupangcdn.com/thumbnails/remote/230x230ex/image/vendor_inventory/8bcf/335d114fb68b4fed75b00c18ff4f822c5eaf56d26d4b10c4def15857c3ee.jpg,https://www.coupang.com/vp/products/2259027303?itemId=3868728769&vendorItemId=71853456541&sourceType=srp_product_ads&clickEventId=c1a3f4fc-4539-421b-8813-6d90145b2c1b&korePlacement=15&koreSubPlacement=121&clickEventId=c1a3f4fc-4539-421b-8813-6d90145b2c1b&korePlacement=15&koreSubPlacement=121&q=vans&itemsCount=36&searchId=14863fc43b784b7398dfaaaf802926c0&rank=120,[플로우커머스] 겨울 남성청바지 남자기모청바지 기모바지 스판 MNJ-02,"41,900"
121,2022-10-01 23:40:09,https://thumbnail6.coupangcdn.com/thumbnails/remote/230x230ex/image/vendor_inventory/73c7/24e68921a24478dd924ad6fc5db7caf003baf7fcdc7268fa2a3df4ea94cc.jpg,https://www.coupang.com/vp/products/6453038476?itemId=15692209449&vendorItemId=82906976227&q=vans&itemsCount=36&searchId=14863fc43b784b7398dfaaaf802926c0&rank=121,반스 어센틱 블랙 화이트 블루 레드 핑크 민트 네이비 국내매장품,"69,000"
122,2022-10-01 23:40:09,https://thumbnail10.coupangcdn.com/thumbnails/remote/230x230ex/image/vendor_inventory/2f89/ee7ac775c47c427d99e43e1064cb9e12b60ba155ba3f13be9fd55b904601.jpg,https://www.coupang.com/vp/products/2373931758?itemId=4134592434&vendorItemId=73657437195&q=vans&itemsCount=36&searchId=14863fc43b784b7398dfaaaf802926c0&rank=122,반스 반스 (공용)배릭스운동화_VN-3WLNT47,"39,000"
123,2022-10-01 23:40:09,https://thumbnail9.coupangcdn.com/thumbnails/remote/230x230ex/image/vendor_inventory/10a5/f1700533ba3c303263853a0bd08b177ad0985d566520c4aedbc83fc1e95c.jpg,https://www.coupang.com/vp/products/6782309650?itemId=15954129472&vendorItemId=83160514091&q=vans&itemsCount=36&searchId=14863fc43b784b7398dfaaaf802926c0&rank=123,반스 VANS 올드 스쿨 - WHITE/SILVER,"28,500"
124,2022-10-01 23:40:09,https://thumbnail10.coupangcdn.com/thumbnails/remote/230x230ex/image/vendor_inventory/7fa5/d1a06147008bee95b49bb33b6b298b8a13185dd58e096b7817504eafcd12.jpg,https://www.coupang.com/vp/products/6719000821?itemId=15622143966&vendorItemId=83120006066&q=vans&itemsCount=36&searchId=14863fc43b784b7398dfaaaf802926c0&rank=124,반스 신발 운동화 스니커즈 클래식 슬립온 98 DX VN0A5KX8AWC,"68,600"
125,2022-10-01 23:40:10,https://thumbnail10.coupangcdn.com/thumbnails/remote/230x230ex/image/vendor_inventory/53e1/8ba2577195888fab2073718c04c5e23c928258b6b63d2da32f70a1ff286d.jpg,https://www.coupang.com/vp/products/6458097897?itemId=14044836757&vendorItemId=83001080655&q=vans&itemsCount=36&searchId=14863fc43b784b7398dfaaaf802926c0&rank=125,(기간한정특가) 반스 VN0A5KX8AWD 클래식 슬립온 98 남녀공용 운동화 반스코리아 국내매장정품 제이에이치컴퍼니 jh86shop,"57,000"
126,2022-10-01 23:40:10,https://thumbnail9.coupangcdn.com/thumbnails/remote/230x230ex/image/vendor_inventory/7b1c/d0af6e6ae78f07b9a145274d681b9c539c60a09031264d26566830ab2c65.jpg,https://www.coupang.com/vp/products/5050347784?itemId=6809808047&vendorItemId=74139900356&q=vans&itemsCount=36&searchId=14863fc43b784b7398dfaaaf802926c0&rank=126,[반스] 클래식 슬립온 체커보드 (VN000EYEBWW),"60,390"
127,2022-10-01 23:40:10,https://thumbnail7.coupangcdn.com/thumbnails/remote/230x230ex/image/vendor_inventory/6ada/3275c77a5cca76c4b7ab911a9403fd7262fbdcf505662674ca85840c5d5b.jpg,https://www.coupang.com/vp/products/6714244615?itemId=15597329809&vendorItemId=78664178531&q=vans&itemsCount=36&searchId=14863fc43b784b7398dfaaaf802926c0&rank=127,반스 클레식 어센틱 레드-1 VN000EE3RED (VN000EE3RED),"65,070"
128,2022-10-01 23:40:10,https://thumbnail8.coupangcdn.com/thumbnails/remote/230x230ex/image/vendor_inventory/51d8/1dec0d7c1f8a119f09e54c4c9ca19d4a8640f1440250a7f037b92fa42cf2.jpg,https://www.coupang.com/vp/products/6252751274?itemId=12683984519&vendorItemId=79950969410&q=vans&itemsCount=36&searchId=14863fc43b784b7398dfaaaf802926c0&rank=128,반스 운동화 SK8 스케이트 하이 옐로우,"49,800"
129,2022-10-01 23:40:10,https://thumbnail6.coupangcdn.com/thumbnails/remote/230x230ex/image/vendor_inventory/aa0c/e8419a0f929ee8846970f1abb8e7ab1e4d73979ff0b88711502d20905caf.jpg,https://www.coupang.com/vp/products/6252751280?itemId=12683984593&vendorItemId=79950969569&q=vans&itemsCount=36&searchId=14863fc43b784b7398dfaaaf802926c0&rank=129,반스 운동화 SK8 스케이트 하이 테이퍼드 레드 빨강,"49,800"
130,2022-10-01 23:40:10,https://thumbnail10.coupangcdn.com/thumbnails/remote/230x230ex/image/vendor_inventory/6d8b/5e9bad8b52d5455b3ce984deb3d3dff0a7cb1e43162e9e4b82da6b10ed1c.jpg,https://www.coupang.com/vp/products/6703508546?itemId=15535944638&vendorItemId=83094411393&q=vans&itemsCount=36&searchId=14863fc43b784b7398dfaaaf802926c0&rank=130,[국내매장판] 반스 어센틱 페퍼 그린 트루 VN0A5KRD90P,"59,000"
131,2022-10-01 23:40:10,https://thumbnail9.coupangcdn.com/thumbnails/remote/230x230ex/image/vendor_inventory/bc06/fd92d7d9c0f5f0d5e84efefa39b45663d2db68ffef5ffb503d9d09e9f5ac.jpg,https://www.coupang.com/vp/products/6765333731?itemId=15868317045&vendorItemId=83077872014&q=vans&itemsCount=36&searchId=14863fc43b784b7398dfaaaf802926c0&rank=131,[국내매장판] 반스 코어클래식 어센틱 블랙 올검 올블랙 단화 VN000EE3BKA1,"103,050"
132,2022-10-01 23:40:10,https://thumbnail10.coupangcdn.com/thumbnails/remote/230x230ex/image/vendor_inventory/0aca/af55cb15ced4c76b7bb9963664360adaa4de4dd43d3bc3473e1398e319b3.jpg,https://www.coupang.com/vp/products/6429837751?itemId=13871409223&vendorItemId=81122947279&q=vans&itemsCount=36&searchId=14863fc43b784b7398dfaaaf802926c0&rank=132,반스 반스 운동화 코어클래식 에라 블랙 VN000EWZBLK,"49,270"
133,2022-10-01 23:40:10,https://thumbnail8.coupangcdn.com/thumbnails/remote/230x230ex/image/retail/images/7631793031717982-e5a2624a-472d-4d74-bbb1-2ad1c8916964.jpg,https://www.coupang.com/vp/products/5970634543?itemId=10760265478&vendorItemId=78040778587&q=vans&itemsCount=36&searchId=14863fc43b784b7398dfaaaf802926c0&rank=133,반스 도헤니 체커 닷 W VN0A3MVZ3QN1 255 LIGHT BLUE/WHITE,"74,600"
134,2022-10-01 23:40:10,https://thumbnail9.coupangcdn.com/thumbnails/remote/230x230ex/image/vendor_inventory/6e00/aefde4b3e2cda87db82775d953f0bda2d381d8ea9dd3a786cdf72a80c4b1.jpg,https://www.coupang.com/vp/products/6413143555?itemId=13762414382&vendorItemId=81013066639&q=vans&itemsCount=36&searchId=14863fc43b784b7398dfaaaf802926c0&rank=134,반스 스타일36 데콘 VANS_{VN0A5HFFZGC} STYLE 36 DECON SMU_BL,"49,000"
135,2022-10-01 23:40:10,https://thumbnail10.coupangcdn.com/thumbnails/remote/230x230ex/image/vendor_inventory/b4af/619bbdf47b6e56f56bfea0b715e4e00e339a607b77f8a4db923c19bc4a35.jpg,https://www.coupang.com/vp/products/6646542596?itemId=15212455412&vendorItemId=82433449096&q=vans&itemsCount=36&searchId=14863fc43b784b7398dfaaaf802926c0&rank=135,(국내매장판/AS가능) 반스 커플 어센틱 운동화 스니커즈 마시멜로우 아이보리 OLD SKOOL AM,"67,000"
136,2022-10-01 23:40:10,https://thumbnail8.coupangcdn.com/thumbnails/remote/230x230ex/image/vendor_inventory/6fea/675191cc208a03741010368f592833387345d2b627f8bd79d7edba6a8bd8.jpg,https://www.coupang.com/vp/products/6655059522?itemId=15260384638&vendorItemId=82480992693&q=vans&itemsCount=36&searchId=14863fc43b784b7398dfaaaf802926c0&rank=136,(국내매장판/AS가능) 반스 커플 클래식 슬립온 98 dx 디엑스 그래픽 스니커즈 운동화 AM,"75,000"
137,2022-10-01 23:40:10,https://thumbnail7.coupangcdn.com/thumbnails/remote/230x230ex/image/vendor_inventory/0bee/6888754ea749e81f2d6b8538820cafb654c4f5b06e14ee291c60555e447d.jpg,https://www.coupang.com/vp/products/6422625218?itemId=13825216986&vendorItemId=81077760811&q=vans&itemsCount=36&searchId=14863fc43b784b7398dfaaaf802926c0&rank=137,반스 올드스쿨 VN0A3WKT9GF,"57,230"
138,2022-10-01 23:40:10,https://thumbnail8.coupangcdn.com/thumbnails/remote/230x230ex/image/vendor_inventory/0e8f/0c1fc483c09dddefb1087d79c151ed915a48cee6b5d4194cacf43c48d8d7.jpg,https://www.coupang.com/vp/products/6473331591?itemId=14138225297&vendorItemId=81385143850&q=vans&itemsCount=36&searchId=14863fc43b784b7398dfaaaf802926c0&rank=138,반스 남녀공용 반스 클래식 슬립온 체커보드/어센틱/올드스쿨 (7종택일),"67,620"
139,2022-10-01 23:40:10,https://thumbnail7.coupangcdn.com/thumbnails/remote/230x230ex/image/vendor_inventory/0e72/d2be8621e0cf68e53d47cd69ba384ef2b096f3ba101ccaedb49fba16818c.jpg,https://www.coupang.com/vp/products/4941862776?itemId=6511700689&vendorItemId=74119635922&q=vans&itemsCount=36&searchId=14863fc43b784b7398dfaaaf802926c0&rank=139,반스 클래식 슬립온 블랙 (VN000EYEBLK),"57,220"
140,2022-10-01 23:40:10,https://thumbnail9.coupangcdn.com/thumbnails/remote/230x230ex/image/vendor_inventory/5f72/116fdc22cb593e84ae492b22bef124d6587e957a0d68158fefb282244dbb.jpg,https://www.coupang.com/vp/products/6461199677?itemId=14061902148&vendorItemId=81309218120&q=vans&itemsCount=36&searchId=14863fc43b784b7398dfaaaf802926c0&rank=140,[반스] 남성 Authentic mule신발_VN0A54F79AL1,"29,920"
141,2022-10-01 23:40:10,https://thumbnail10.coupangcdn.com/thumbnails/remote/230x230ex/image/vendor_inventory/bc3d/5bd3f468aa46a3d771a3003d803f96391200390dacd6e56e633fb282c029.jpg,https://www.coupang.com/vp/products/6714273454?itemId=15597460443&vendorItemId=78458419145&q=vans&itemsCount=36&searchId=14863fc43b784b7398dfaaaf802926c0&rank=141,반스 어센틱 VANS AUTHENTIC VN000EE3WHT 아이보리 화이트,"54,680"
142,2022-10-01 23:40:10,https://thumbnail6.coupangcdn.com/thumbnails/remote/230x230ex/image/vendor_inventory/944d/4350cc6105d51cb3a85d27c9441d18045bc37c8206b39d629adf3b03019f.jpg,https://www.coupang.com/vp/products/6814383685?itemId=16130392524&vendorItemId=81788731931&q=vans&itemsCount=36&searchId=14863fc43b784b7398dfaaaf802926c0&rank=142,반스 어센틱 - ORANGE TIGER/TRUE WHITE,"47,100"
143,2022-10-01 23:40:10,https://thumbnail6.coupangcdn.com/thumbnails/remote/230x230ex/image/vendor_inventory/aa18/580b6c836b60d6e2987f49966810ba68d3c4a5d0e201c51ae448dde2fa59.jpg,https://www.coupang.com/vp/products/6760136803?itemId=15840867298&vendorItemId=83181837295&q=vans&itemsCount=36&searchId=14863fc43b784b7398dfaaaf802926c0&rank=143,반스 어센틱 44 디엑스 - (ANAHEIM FACTORY) TILE CHECKER,"80,140"
